<?xml version="1.0" encoding="UTF-8"?>
<beans xmlns="http://www.springframework.org/schema/beans" xmlns:xsi="http://www.w3.org/2001/XMLSchema-instance"
    xmlns:p="http://www.springframework.org/schema/p" xmlns:util="http://www.springframework.org/schema/util"
    xmlns:context="http://www.springframework.org/schema/context"
    xsi:schemaLocation="http://www.springframework.org/schema/beans http://www.springframework.org/schema/beans/spring-beans-2.5.xsd
                           http://www.springframework.org/schema/util http://www.springframework.org/schema/util/spring-util-2.5.xsd
                           http://www.springframework.org/schema/context http://www.springframework.org/schema/context/spring-context-2.5.xsd">


    <context:property-placeholder location="classpath:/configuration/PrivacyLens.properties" />

  <bean id="PrivacyLens.Oracle" class="edu.cmu.ece.PrivacyLens.Oracle" init-method="initialize" factory-method="getInstance" p:config="classpath:/configuration/spsetup.json" />

  <bean id="PrivacyLens.config.General" class="edu.cmu.ece.PrivacyLens.config.General" init-method="initialize" factory-method="getInstance" p:idpName="${general.IdPName}" p:adminUrl="${general.adminUrl}" p:adminMail="${general.adminMail}" p:credits="${general.credits}" />

    <bean id="uApprove.touModule" class="ch.SWITCH.aai.uApprove.tou.ToUModule" init-method="initialize"
        p:enabled="${tou.enabled}" p:auditLogEnabled="false" p:compareContent="false">
        <property name="tou">
            <bean class="ch.SWITCH.aai.uApprove.tou.ToU" init-method="initialize"
                p:version="${tou.version}" p:resource="${tou.resource}" />
        </property>
        <property name="relyingParties">
            <bean class="ch.SWITCH.aai.uApprove.RelyingPartyList"
                p:regularExpressions="${services}" p:blacklist="${services.blacklist}" />
        </property>
        <property name="storage">
            <bean class="ch.SWITCH.aai.uApprove.tou.storage.JDBCStorage" init-method="initialize"
                p:dataSource-ref="PrivacyLens.dataSource" p:sqlStatements="classpath:/storage/sql-statements.properties" p:graceful="false" />
        </property>
    </bean>

    <bean id="PrivacyLens.attributeReleaseModule" class="edu.cmu.ece.PrivacyLens.ar.AttributeReleaseModule" init-method="initialize"
        p:enabled="${ar.enabled}" p:auditLogEnabled="false" p:allowGeneralConsent="${ar.allowGeneralConsent}" p:compareAttributeValues="false">
        <property name="relyingParties">
            <bean class="ch.SWITCH.aai.uApprove.RelyingPartyList"
                p:regularExpressions="${services}" p:blacklist="${services.blacklist}" />
        </property>
        <property name="storage">
            <bean class="edu.cmu.ece.PrivacyLens.ar.storage.JDBCStorage" init-method="initialize"
                p:dataSource-ref="PrivacyLens.dataSource" p:sqlStatements="classpath:/storage/sql-statements.properties" p:graceful="false" />
        </property>
    </bean>

    <bean id="PrivacyLens.dataSource" class="com.mchange.v2.c3p0.ComboPooledDataSource" destroy-method="close" depends-on="shibboleth.LogbackLogging"
        p:driverClass="${database.driver}" p:jdbcUrl="${database.url}"
        p:user="${database.username}" p:password="${database.password}"
        p:idleConnectionTestPeriod="300" />

    <bean id="PrivacyLens.viewHelper" class="edu.cmu.ece.PrivacyLens.ViewHelper" init-method="initialize"
        p:defaultLocale="${view.defaultLocale}" p:forceDefaultLocale="${view.forceDefaultLocale}"
        p:messagesBase="messages" />

    <bean id="PrivacyLens.samlHelper" class="edu.cmu.ece.PrivacyLens.ar.SAMLHelper" init-method="initialize"
        p:attributeAuthority-ref="shibboleth.SAML2AttributeAuthority" p:relyingPartyConfigurationManager-ref="shibboleth.RelyingPartyConfigurationManager" p:attributeResolver-ref="shibboleth.AttributeResolver" >
        <property name="attributeProcessor">
            <bean class="edu.cmu.ece.PrivacyLens.ar.AttributeProcessor"
                p:machinereadable="${ar.attributes.machinereadable}"
                p:blacklist="${ar.attributes.blacklist}" p:order="${ar.attributes.order}" />
        </property>
    </bean>
</beans>
